Vehicles,http://swaann.com/Car-Service-Stations-in-Delhi/
Vehicles,http://swaann.com/Car-Service-Stations-in-Delhi-P2/
Vehicles,http://swaann.com/Crocs-India-Retail-Limited-in-Delhi/
Vehicles,http://swaann.com/Crocs-India-Retail-Limited-in-Delhi-P2/
Home Services,http://swaann.com/Plumbers-in-Delhi/
Home Services,http://swaann.com/Plumbers-in-Delhi-P2/
Vehicles,http://swaann.com/Bike-Repair-in-Delhi/
Vehicles,http://swaann.com/Bike-Repair-in-Delhi-P2/
Office,http://swaann.com/Lawyers-in-Delhi/
Office,http://swaann.com/Lawyers-in-Delhi-P2/
Vehicles,http://swaann.com/Used-Cars-in-Delhi/
Vehicles,http://swaann.com/Used-Cars-in-Delhi-P2/
Vehicles,http://swaann.com/Rubber-Component-Exporters-in-Delhi/
Vehicles,http://swaann.com/Rubber-Component-Exporters-in-Delhi-P2/
Food and Drink,http://swaann.com/Chinese-Restaurants-in-Delhi/
Food and Drink,http://swaann.com/Chinese-Restaurants-in-Delhi-P2/
Office,http://swaann.com/Audit-Services-in-Delhi/
Office,http://swaann.com/Audit-Services-in-Delhi-P2/
Home Services,http://swaann.com/Interior-Designers-in-Delhi/
Home Services,http://swaann.com/Interior-Designers-in-Delhi-P2/
Home Services,http://swaann.com/Bathroom-Accessories-in-Delhi/
Home Services,http://swaann.com/Bathroom-Accessories-in-Delhi-P2/
Home Services,http://swaann.com/Roofing-Contractors-in-Delhi/
Home Services,http://swaann.com/Roofing-Contractors-in-Delhi-P2/
Food and Drink,http://swaann.com/Catering-Services-in-Delhi/
Food and Drink,http://swaann.com/Catering-Services-in-Delhi-P2/
Clinic,http://swaann.com/Dental-Treatment-in-Delhi/
Clinic,http://swaann.com/Dental-Treatment-in-Delhi-P2/
Clinic,http://swaann.com/Skin-Care-Clinic-in-Delhi/
Clinic,http://swaann.com/Skin-Care-Clinic-in-Delhi-P2/
Children,http://swaann.com/Baby-Toys-in-Delhi/
Children,http://swaann.com/Baby-Toys-in-Delhi-P2/
Vehicles,http://swaann.com/Car-Decoration-in-Delhi/
Vehicles,http://swaann.com/Car-Decoration-in-Delhi-P2/
Clinic,http://swaann.com/Doctors-Child-Specialist-in-Delhi/
Clinic,http://swaann.com/Doctors-Child-Specialist-in-Delhi-P2/
Clinic,http://swaann.com/Tour-Operators-in-Delhi/
Clinic,http://swaann.com/Tour-Operators-in-Delhi-P2/
Children,http://swaann.com/Baby-Products-in-Delhi/
Children,http://swaann.com/Baby-Products-in-Delhi-P2/
Clinic,http://swaann.com/Dental-Implants-in-Delhi/
Clinic,http://swaann.com/Dental-Implants-in-Delhi-P2/
Cars,http://swaann.com/Car-Batteries-in-Delhi/
Cars,http://swaann.com/Car-Batteries-in-Delhi-P2/
Cars,http://swaann.com/Car-Insurance-in-Delhi/
Cars,http://swaann.com/Car-Insurance-in-Delhi-P2/
Cars,http://swaann.com/Car-Rental-Services-in-Delhi/
Cars,http://swaann.com/Car-Rental-Services-in-Delhi-P2/
Cars,http://swaann.com/Car-Service-Center-in-Delhi/
Cars,http://swaann.com/Car-Service-Center-in-Delhi-P2/
Children,http://swaann.com/Children-Books-in-Delhi/
Children,http://swaann.com/Children-Books-in-Delhi-P2/
Cars,http://swaann.com/Car-Accessories-in-Delhi/
Cars,http://swaann.com/Car-Accessories-in-Delhi-P2/
Home Services,http://swaann.com/Packers-and-Movers-in-Delhi/
Home Services,http://swaann.com/Packers-and-Movers-in-Delhi-P2/
Home Services,http://swaann.com/Home-Decor-in-Delhi/
Home Services,http://swaann.com/Home-Decor-in-Delhi-P2/
Beauty Care,http://swaann.com/Bridal-Makeup-in-Delhi/
Beauty Care,http://swaann.com/Bridal-Makeup-in-Delhi-P2/
Beauty Care,http://swaann.com/Slimming-Centers-in-Delhi/
Beauty Care,http://swaann.com/Slimming-Centers-in-Delhi-P2/
Beauty Care,http://swaann.com/Skin-Care-Products-in-Delhi/
Beauty Care,http://swaann.com/Skin-Care-Products-in-Delhi-P2/
Office,http://swaann.com/Water-Dispensers-in-Delhi/
Office,http://swaann.com/Water-Dispensers-in-Delhi-P2/
Office,http://swaann.com/Stationery-in-Delhi/
Office,http://swaann.com/Stationery-in-Delhi-P2/
Office,http://swaann.com/Office-Chairs-in-Delhi/
Office,http://swaann.com/Office-Chairs-in-Delhi-P2/
Food and Drink,http://swaann.com/Italian-Restaurant-in-Delhi/
Food and Drink,http://swaann.com/Italian-Restaurant-in-Delhi-P2/
Office,http://swaann.com/Office-Furniture-in-Delhi/
Office,http://swaann.com/Office-Furniture-in-Delhi-P2/
Clinic,http://swaann.com/Health-Clinic-in-Delhi//
Clinic,http://swaann.com/Health-Clinic-in-Delhi-P2/
Children,http://swaann.com/Baby-Accessories-in-Delhi/
Children,http://swaann.com/Baby-Accessories-in-Delhi-P2/
